Date,Initial Search PSMs,Initial Search Peptides,Post-calibration PSMs,Post-calibration Peptides,Post-GPTMD PSMs,Post-GPTMD Peptides,Initial Search Time,Calibration Time,Post-calibration Search Time,GPTMD Time,Post-GPTMD Search Time,Interlink CSMs,Intralink CSMs,Loop CSMs,Deadend CSMs,Crosslink Single PSMs,Crosslink Single Peptides,XL Search Time,Glyco Search PSMs,Glyco Search Peptides,Glyco Search Time,Semispecific PSMs,Semispecific Peptides,Semispecific Search Time,Nonspecific PSMs,Nonspecific Peptides,Nonspecific Search Time,Modern Search PSMs,Modern Search Peptides,Modern Search Time,TopDown Initial PrSMs,TopDown Initial Proteoforms,TopDown Post-calibration PrSMs,TopDown Post-calibration Proteoforms,TopDown Post-averaging PrSMs,TopDown Post-averaging Proteoforms,TopDown Post-GPTMD PrSMs,TopDown Post-GPTMD Proteoforms,TopDown Initial Search Time,TopDown Calibration Time,TopDown Post-calibration Search Time,TopDown Averaging Time,TopDown Post-averaging Search Time,TopDown GPTMD Time,TopDown Post-GPTMD Search Time,InitialSearchProteinGroups
10/15/2018 10:15:23,30019,11590,30408,11838,34207,12934,350.5881339,511.74908359999995,367.7320454,1016.3809503,435.8069035,29,201,114,394,8375,0,58.6270798,0,0,0,30158,11681,3304.8564343999997,1298,1001,2784.7554858999997,30019,11590,691.3913885,0,0,0,0,0,0,0,0,0,0,0,0,0,0,0,3590
10/21/2018 01:10:54,31098,11817,31139,11993,35043,13209,394.39098909999996,548.51922519999994,298.0076143,1026.6866035,362.1858413,32,222,114,395,8432,0,47.5794642,0,0,0,34059,13307,2846.3523249,4507,3484,2465.9209618,31098,11817,602.3840045,0,0,0,0,0,0,0,0,0,0,0,0,0,0,0,3634
10/28/2018 01:14:42,31264,11863,31305,12062,35219,13272,396.2831836,568.127028,296.976355,1015.6953156,360.7742756,32,222,114,415,8432,0,48.5263795,0,0,0,34856,13770,3068.6492226,5141,4043,2508.684765,31264,11863,610.3062506,0,0,0,0,0,0,0,0,0,0,0,0,0,0,0,3636
11/04/2018 01:11:02,31264,11863,31305,12062,35219,13272,382.5083484,551.2593058,298.9655835,1025.1598384,362.6281155,32,222,114,415,8432,0,47.488270299999996,0,0,0,35790,13941,3366.3012535999997,5378,4228,2598.3887511999997,31264,11863,603.745938,0,0,0,0,0,0,0,0,0,0,0,0,0,0,0,3636
11/11/2018 01:12:00,31268,11864,31307,12062,35212,13288,387.23469739999996,562.0809895,309.76579649999996,1021.8730552999999,390.2754238,32,222,114,415,8432,0,51.5465258,0,0,0,35790,13941,2681.4269862,5378,4228,2837.4651199,31264,11863,640.1675322,0,0,0,0,0,0,0,0,0,0,0,0,0,0,0,3636
11/18/2018 01:09:12,31268,11864,31307,12062,35212,13288,369.98745679999996,534.9777594,287.2612077,968.0724269,360.0165116,32,222,114,415,8432,0,46.4970864,0,0,0,35790,13941,2639.385743,5378,4228,2883.4521157,31264,11863,587.6614869,0,0,0,0,0,0,0,0,0,0,0,0,0,0,0,3636
11/25/2018 01:08:45,31268,11864,31307,12062,35212,13288,366.330531,530.55433329999994,282.45746629999996,961.94990369999994,353.96492129999996,32,222,114,415,8432,0,47.376419999999996,0,0,0,35790,13941,2627.5834867,5378,4228,2765.0455342,31264,11863,596.6138392,0,0,0,0,0,0,0,0,0,0,0,0,0,0,0,3636
12/02/2018 01:08:28,31268,11864,31307,12062,35212,13288,357.99420849999996,530.38509019999992,282.729147,953.5289548,352.9214469,32,222,114,415,8432,0,46.6926734,0,0,0,35790,13941,2580.9085784,5378,4228,2770.8679171999997,31264,11863,589.363444,0,0,0,0,0,0,0,0,0,0,0,0,0,0,0,3636
12/09/2018 01:08:59,31268,11435,31307,11844,35212,13041,364.88635619999997,531.0215314,283.18428259999996,962.52995839999994,353.78590399999996,32,222,114,415,8432,0,48.010883,0,0,0,35790,13022,2636.3111089,5378,4207,2766.1165425,31264,11430,592.63814989999992,0,0,0,0,0,0,0,0,0,0,0,0,0,0,0,3636
12/23/2018 01:09:53,31268,11435,31307,11844,35212,13041,363.872837,533.831315,282.5095343,974.8123293,355.2793706,32,222,114,415,8432,0,46.7688224,0,0,0,35790,13022,2436.4763303,5378,4207,2715.3806090999997,31264,11430,584.22836439999992,0,0,0,0,0,0,0,0,0,0,0,0,0,0,0,3636
12/30/2018 01:09:16,31268,11435,31307,11844,35212,13041,369.1895852,546.8201455,287.6566466,970.24158779999993,355.8839496,32,222,114,415,8432,0,46.066935799999996,0,0,0,35790,13022,2611.8111764,5378,4207,2808.6581174,31264,11430,605.1579173,0,0,0,0,0,0,0,0,0,0,0,0,0,0,0,3636
01/06/2019 01:08:15,31268,11435,31307,11844,35212,13041,365.0231665,528.0474031,280.7488838,940.93606379999994,350.06959409999996,32,222,114,415,8432,0,44.806010199999996,0,0,0,35790,13022,2480.3794235,5378,4207,2751.7496683,31264,11430,592.0084684,0,0,0,0,0,0,0,0,0,0,0,0,0,0,0,3636
01/13/2019 01:08:01,31268,11435,31307,11844,35212,13041,361.4609312,529.11365619999992,280.36046289999996,939.8765334,352.381263,32,222,114,415,8432,0,44.135224699999995,0,0,0,35790,13022,2470.7094078,5378,4207,2727.1649697999997,31264,11430,573.4053827,0,0,0,0,0,0,0,0,0,0,0,0,0,0,0,3636
01/20/2019 01:08:33,31268,11435,31307,11844,35212,13041,363.07584959999997,526.4904639,284.92313329999996,951.0207224,352.957153,32,222,114,415,8432,0,43.669671199999996,0,0,0,35790,13022,2481.2970047,5378,4207,2774.0742944,31264,11430,584.0022401,0,0,0,0,0,0,0,0,0,0,0,0,0,0,0,3636
01/27/2019 01:09:26,31268,11435,31307,11844,35212,13041,378.0270046,552.5981466,292.3174112,951.95718019999993,355.0744769,32,222,114,415,8432,0,45.0754435,0,0,0,35790,13022,2579.4292769999997,5378,4207,2848.161049,31264,11430,592.5517863,0,0,0,0,0,0,0,0,0,0,0,0,0,0,0,3636
02/10/2019 01:08:20,31268,11435,31307,11844,35212,13041,360.3466765,525.75301919999993,279.22248129999997,955.2585207,351.5711281,32,222,114,415,8432,0,43.9822683,0,0,0,35790,13022,2501.7988296,5378,4207,2751.3469250999997,31264,11430,565.2208828,0,0,0,0,0,0,0,0,0,0,0,0,0,0,0,3636
02/17/2019 01:07:59,31268,11435,31307,11844,35212,13041,359.4319221,524.1124358,281.2796335,937.7987356,353.455339,32,222,114,415,8432,0,43.899806,0,0,0,35790,13022,2402.4024781,5378,4207,2729.8432396,31264,11430,566.9230033,0,0,0,0,0,0,0,0,0,0,0,0,0,0,0,3636
02/24/2019 01:08:20,31268,11435,31307,11844,35212,13041,367.4002822,536.0617487,280.1885114,941.58086459999993,351.6475056,32,222,114,415,8432,0,44.6504816,0,0,0,35790,13022,2619.1793253,5378,4207,2818.7040422,31264,11430,582.36566529999993,0,0,0,0,0,0,0,0,0,0,0,0,0,0,0,3636
03/03/2019 01:08:41,31268,11435,31307,11844,35212,13041,363.8311511,529.8454329,276.2974661,954.3403295999999,356.7972867,32,222,114,415,8432,0,45.698609499999996,0,0,0,35790,13022,2485.8608958,5378,4207,2773.2062358999997,31264,11430,562.6875618,0,0,0,0,0,0,0,0,0,0,0,0,0,0,0,3636
03/10/2019 01:08:36,31268,11435,31307,11844,35212,13041,368.5347774,540.988377,281.8895128,939.3970089,352.8775172,32,222,114,415,8432,0,46.1964439,0,0,0,35790,13022,2604.8172477999997,5378,4207,2784.04711,31264,11430,580.3343467,0,0,0,0,0,0,0,0,0,0,0,0,0,0,0,3636
03/17/2019 01:07:47,31268,11435,31307,11844,35212,13041,355.3692329,526.1779624,282.2776141,937.7915882,352.0991639,32,222,114,415,8432,0,44.4479913,0,0,0,35790,13022,2521.1779999,5378,4207,2732.7650101,31264,11430,571.7698974,0,0,0,0,0,0,0,0,0,0,0,0,0,0,0,3636
03/24/2019 01:08:08,31268,11435,31307,11844,35212,13041,363.3709447,528.4588347,278.9780646,945.339797,348.0496652,32,222,114,415,8432,0,45.2236145,0,0,0,35790,13022,2531.0689047,5378,4207,2748.5489764,31264,11430,578.1062343,0,0,0,0,0,0,0,0,0,0,0,0,0,0,0,3636
03/31/2019 01:21:38,31268,11435,31307,11844,35212,13041,492.6060596,712.8468663,377.45950139999997,1192.1670637,481.1839252,32,222,114,415,8432,0,61.5062838,0,0,0,35790,13022,3383.2830833,5378,4207,3446.6613216,31264,11430,700.2990595,0,0,0,0,0,0,0,0,0,0,0,0,0,0,0,3636
04/07/2019 01:07:31,31268,11435,31307,11844,35212,13041,354.7183032,522.4383838,276.8598767,937.1059812,349.8976226,0,0,0,0,0,0,0,0,0,0,35790,13022,2475.0269617999998,0,0,0,31264,11430,572.6418265,0,0,0,0,0,0,0,0,0,0,0,0,0,0,0,3636
04/14/2019 01:44:53,31268,11435,31307,11844,35212,13041,787.2022836,1064.5525234,541.2676452,1502.2942002999998,690.35016409999992,13,223,115,416,8432,0,64.951713,0,0,0,35790,13022,4430.7593245,5378,4207,4326.0689772,31264,11430,1158.4832572,0,0,0,0,0,0,0,0,0,0,0,0,0,0,0,3636
04/21/2019 01:20:55,31268,11435,31307,11844,35193,13119,477.06986279999995,631.2566435,384.1152009,1213.8992899999998,464.21636279999996,13,223,115,416,8432,0,60.7056434,0,0,0,35790,13022,3382.4774973999997,5378,4207,3388.4012183,31264,11430,768.98305229999994,0,0,0,0,0,0,0,0,0,0,0,0,0,0,0,3636
04/28/2019 01:41:38,31268,11435,31307,11844,35193,13119,752.74947339999994,987.8387776,550.2445711,1512.1967995999998,649.02790889999994,16,228,115,417,8432,0,69.9229575,0,0,0,35790,13022,4984.9765647999993,5378,4207,4607.4958134,31264,11430,1090.1726989,0,0,0,0,0,0,0,0,0,0,0,0,0,0,0,3636
05/05/2019 01:08:02,31268,11435,31307,11844,35193,13119,362.01211409999996,520.005466,275.01053759999996,947.1106618,338.1738463,16,228,115,417,8432,0,46.3434738,0,0,0,35790,13050,3091.0062722,5378,4207,3015.927377,31268,11435,1011.4362104999999,0,0,0,0,0,0,0,0,0,0,0,0,0,0,0,3636
05/12/2019 01:07:20,31268,11435,31307,11844,35193,13119,361.23460869999997,517.6812706,276.8538862,938.6460851999999,337.2558319,16,228,115,417,8432,0,43.6252991,0,0,0,35790,13050,1612.9400964,5378,4207,2761.2924379,31268,11435,567.4673776,0,0,0,0,0,0,0,0,0,0,0,0,0,0,0,3636
05/19/2019 01:07:21,31268,11435,31307,11844,35193,13119,363.41487689999997,523.729029,283.6459182,919.077462,343.8755394,16,228,115,417,8432,0,44.7820487,0,0,0,35790,13050,1590.8339718999998,5378,4207,2754.7051088999997,31268,11435,557.0200532,0,0,0,0,0,0,0,0,0,0,0,0,0,0,0,3636
05/26/2019 01:07:50,31268,11435,31307,11844,35193,13119,367.8240876,526.9386994,281.7347438,937.0411587,345.9073463,16,228,115,417,8432,0,44.635649199999996,0,0,0,35841,13115,1684.8756415,5379,4208,2757.5179046,31268,11435,578.5877178,0,0,0,0,0,0,0,0,0,0,0,0,0,0,0,3636
06/02/2019 01:07:44,31270,11436,31309,11845,35196,13121,348.3255101,530.80636889999994,283.0882118,939.3772912,349.6913464,16,228,115,417,8432,0,44.1297022,0,0,0,35858,13115,1008.6766259999999,5379,4208,2440.3099939999997,31270,11436,564.9028181,0,0,0,0,0,0,0,0,0,0,0,0,0,0,0,3636
06/09/2019 01:08:31,31270,11436,31309,11845,35196,13121,365.1513361,542.9984549,291.1846165,946.1117967,351.6361571,16,228,115,417,8432,0,45.3653364,0,0,0,35858,13115,996.89394039999991,5379,4208,2451.0003339,31270,11436,570.2287149,0,0,0,0,0,0,0,0,0,0,0,0,0,0,0,3636
06/16/2019 01:08:26,31270,11436,31309,11845,35196,13121,371.5958252,531.1106225,283.16997929999997,949.6413544,349.9859762,16,228,115,417,8432,0,46.0958147,0,0,0,35858,13115,1003.1663808,5379,4208,2447.6347499999997,31270,11436,571.72952939999993,0,0,0,0,0,0,0,0,0,0,0,0,0,0,0,3636
06/23/2019 01:07:33,31270,11436,31309,11845,35196,13121,361.0729316,525.2675464,280.3447857,938.5037037,343.806561,16,228,115,417,8432,0,45.2312764,0,0,0,35858,13115,981.6664045,5379,4208,2436.4274385999997,31270,11436,547.584603,0,0,0,0,0,0,0,0,0,0,0,0,0,0,0,3636
07/07/2019 01:06:39,31279,11435,31323,11865,35206,13236,318.0128325,502.28732759999997,283.1680942,948.4184586,329.931553,16,228,115,417,8432,0,49.7899186,0,0,0,35825,13022,970.3372273,5386,4232,2452.6068456,31281,11437,526.5794412,0,0,0,0,0,0,0,0,0,0,0,0,0,0,0,3661
07/14/2019 01:06:41,31279,11435,31323,11865,35206,13236,320.0154085,497.82483909999996,282.1097034,947.01578599999993,330.4649409,16,228,115,417,8432,0,50.1029738,0,0,0,35825,13022,976.44891999999993,5386,4232,2449.1156412,31281,11437,524.8331267,0,0,0,0,0,0,0,0,0,0,0,0,0,0,0,3661
07/21/2019 01:06:29,31279,11435,31322,11870,35210,13267,319.2609903,491.2285162,279.23140259999997,928.1349418,323.0845036,16,228,115,417,8432,0,51.345315799999995,0,0,0,35825,13022,982.9177708,5386,4232,2439.8761941,31281,11437,528.9162222,0,0,0,0,0,0,0,0,0,0,0,0,0,0,0,3661
07/28/2019 01:06:50,31280,11434,31312,11845,35183,13276,321.7660899,523.4767334,288.008111,949.6254202,306.9491782,16,228,115,417,8432,0,51.8679536,0,0,0,35780,13033,1035.1705972,5384,4229,2452.5238812,31276,11435,541.45670009999992,0,0,0,0,0,0,0,0,0,0,0,0,0,0,0,3637
08/04/2019 01:06:51,31280,11434,31312,11845,35183,13276,324.4224238,518.3534992,288.6362488,949.4590482,309.7340655,16,228,115,417,8432,0,52.0431998,0,0,0,35780,13033,1070.8519546999999,5384,4229,2461.9867088,31276,11435,546.24826469999994,0,0,0,0,0,0,0,0,0,0,0,0,0,0,0,3637
08/11/2019 01:07:00,31280,11434,31311,11835,35182,13265,327.26452209999997,520.9769244,287.17172189999997,942.3937261,312.9277322,16,228,115,417,8432,0,52.599594499999995,0,0,0,35780,13033,1127.4605339,5384,4229,2440.1148717,31276,11435,546.01007359999994,0,0,0,0,0,0,0,0,0,0,0,0,0,0,0,3637
08/18/2019 01:06:47,31280,11434,31312,11845,35179,13267,323.1915261,519.58000729999992,286.0270955,952.1371901,308.091524,16,228,115,418,8432,0,51.343209699999996,0,0,0,35780,13033,1038.9110431,5384,4229,2449.6142182,31276,11435,535.864375,0,0,0,0,0,0,0,0,0,0,0,0,0,0,0,3637
08/25/2019 01:06:26,31280,11434,31312,11845,35179,13267,321.3509993,519.1374982,285.7875648,936.95017869999992,308.55729529999996,16,228,115,418,8432,0,51.0185226,0,0,0,35780,13033,1066.8253521,5384,4229,2478.3014881999998,31276,11435,544.2921498,0,0,0,0,0,0,0,0,0,0,0,0,0,0,0,3637
09/01/2019 01:07:20,31244,11437,31264,11830,35169,13260,331.08589539999997,523.5156155,291.3955848,955.1090732,316.4455752,16,228,115,418,8432,0,51.281591999999996,0,0,0,35805,13024,1092.799405,5375,4218,2473.0806915999997,31245,11436,552.6693689,0,0,0,0,0,0,0,0,0,0,0,0,0,0,0,3635
09/08/2019 01:07:23,31239,11414,31261,11807,35175,13134,339.94899069999997,520.7320313,290.3547013,951.59357419999992,321.0592075,16,228,115,418,8432,0,52.3672979,0,0,0,35810,13010,1061.4068355,5375,4215,2473.8830728999997,31238,11415,552.0468078,0,0,0,0,0,0,0,0,0,0,0,0,0,0,0,3635
09/15/2019 01:06:38,31239,11414,31261,11807,35175,13134,327.8719777,514.2546537,287.5938911,935.1243297,316.29440389999996,22,191,110,400,8410,0,43.9857922,0,0,0,35810,13010,1039.2911335,5375,4215,2467.1995149,31238,11415,541.6006619,0,0,0,0,0,0,0,0,0,0,0,0,0,0,0,3635
09/22/2019 01:07:08,31239,11414,31259,11803,35169,13144,331.8239066,517.6394947,290.3787674,954.51032739999994,314.2802574,22,191,110,400,8410,0,44.093714399999996,0,0,0,35810,13010,1060.0737468,5375,4215,2534.1055154,31238,11415,543.20641619999992,0,0,0,0,0,0,0,0,0,0,0,0,0,0,0,3635
09/29/2019 01:06:39,31239,11414,31261,11807,35175,13134,320.9324554,508.3950056,285.8197449,946.20298429999991,314.3019269,22,191,110,400,8410,0,43.762326699999996,0,0,0,35810,13010,1058.2539873,5375,4215,2521.5061258,31238,11415,546.4098027,0,0,0,0,0,0,0,0,0,0,0,0,0,0,0,3635
10/06/2019 01:06:24,31239,11414,31261,11807,35175,13134,327.64864539999996,511.9829794,284.1191751,936.83111579999991,312.6473171,22,191,110,400,8410,0,43.6659381,0,0,0,35810,13010,1038.370711,5375,4215,2447.6623832,31238,11415,541.41674619999992,0,0,0,0,0,0,0,0,0,0,0,0,0,0,0,3635
10/13/2019 01:06:57,31239,11414,31257,11802,35170,13132,330.26722989999996,517.1212167,289.6774277,945.5400116,321.3606438,22,191,110,400,8410,0,44.1427926,0,0,0,35810,13010,1054.3369811999999,5375,4215,2527.935011,31238,11415,540.0508098,0,0,0,0,0,0,0,0,0,0,0,0,0,0,0,3635
10/20/2019 01:06:47,31242,11414,31262,11805,35174,13135,324.4836607,514.6794255,288.651323,939.2573547,319.69731959999996,22,191,110,400,8410,0,44.6766036,0,0,0,35797,13003,1062.8987583,5375,4215,2524.0162588,31239,11414,543.8124149,0,0,0,0,0,0,0,0,0,0,0,0,0,0,0,3635
10/27/2019 01:07:10,31238,11410,31260,11819,35182,13115,326.84231189999997,522.7276853,288.100808,944.7465004,322.3246522,16,225,114,420,8400,0,43.0292946,0,0,0,35803,12997,1081.6694624,5362,4211,2523.8208689,31237,11409,545.65102,0,0,0,0,0,0,0,0,0,0,0,0,0,0,0,3635
11/03/2019 01:07:43,31238,11410,31263,11801,35179,13104,328.3714117,521.6613904,292.2894158,967.60698689999992,326.78055939999996,16,225,114,420,8400,0,43.7405398,0,0,0,35803,12997,1084.3019391,5362,4211,2511.9987035999998,31237,11409,547.7364989,0,0,0,0,0,0,0,0,0,0,0,0,0,0,0,3635
11/10/2019 01:08:13,31238,11410,31262,11815,35185,13112,337.3651531,530.2547005,300.1884773,968.9137238,324.6106775,16,225,114,420,8400,0,43.1187213,0,0,0,35803,12997,1099.8248511,5362,4211,2479.4953713,31237,11409,565.6852078,0,0,0,0,0,0,0,0,0,0,0,0,0,0,0,3635
11/17/2019 01:06:59,31238,11410,31263,11801,35179,13104,328.0554409,516.476771,293.0734611,944.50691339999992,319.9372752,16,225,114,420,8400,0,42.6951703,0,0,0,35803,12997,1064.8465405,5362,4211,2475.0387141,31237,11409,545.8349078,0,0,0,0,0,0,0,0,0,0,0,0,0,0,0,3635
11/24/2019 01:07:10,31238,11410,31263,11801,35179,13104,328.29835729999996,519.9569554,290.7064896,948.5764264,325.4143016,16,225,114,420,8400,0,43.1502327,0,0,0,35803,12997,1104.0951341999998,5362,4211,2536.1493708999997,31237,11409,557.67450969999993,0,0,0,0,0,0,0,0,0,0,0,0,0,0,0,3635
12/01/2019 01:07:12,31238,11410,31262,11815,35181,13094,326.9237162,517.8067651,289.420842,949.5692279,322.3996577,16,225,114,420,8400,0,42.473601099999996,0,0,0,35803,12997,1081.8618098,5362,4211,2517.1225311,31237,11409,552.6488959,0,0,0,0,0,0,0,0,0,0,0,0,0,0,0,3635
12/08/2019 01:06:58,31238,11410,31263,11801,35179,13104,331.032666,525.1542463,292.53725909999997,918.61852279999994,324.6266397,16,225,114,420,8400,0,43.362445,0,0,0,35803,12997,1088.0204322,5362,4211,2518.8439455,31237,11409,551.778879,0,0,0,0,0,0,0,0,0,0,0,0,0,0,0,3635
12/15/2019 01:07:15,31238,11410,31262,11815,35184,13110,330.5844133,519.32955429999993,292.288547,953.7626765,325.76764449999996,16,225,114,420,8400,0,42.8064162,0,0,0,35803,12997,1068.4216973999999,5362,4211,2466.0006267,31237,11409,547.01642529999992,0,0,0,0,0,0,0,0,0,0,0,0,0,0,0,3635
12/22/2019 01:05:56,31238,11410,31263,11803,35182,13109,322.92807769999996,503.4706893,287.93439159999997,903.745185,320.5355772,18,230,107,411,8393,0,51.397459299999994,0,0,0,35805,12998,1104.2393672,5363,4211,2516.2618054,31238,11411,526.0269475,0,0,0,0,0,0,0,0,0,0,0,0,0,0,0,3623
12/29/2019 01:06:24,31238,11410,31265,11808,35181,13093,320.07538869999996,508.6082034,291.72394779999996,914.70047719999991,323.93412459999996,18,230,107,411,8393,0,52.576837499999996,0,0,0,35805,12998,1089.5398034,5363,4211,2521.4777348,31238,11411,527.19976539999993,0,0,0,0,0,0,0,0,0,0,0,0,0,0,0,3623
01/05/2020 01:06:15,31238,11410,31263,11803,35182,13109,319.4544899,514.3964475,287.7098656,901.3639906,320.7992279,18,230,107,411,8393,0,52.292300499999996,0,0,0,35805,12998,1120.361627,5363,4211,2532.675581,31238,11411,519.2642694,0,0,0,0,0,0,0,0,0,0,0,0,0,0,0,3623
01/12/2020 00:57:45,31238,11410,31265,11808,35179,13087,236.06686359999998,342.5776677,208.1524187,825.878375,221.84148499999998,18,230,107,411,8393,0,50.1823692,0,0,0,35737,12970,6566.2917453,5309,4162,2706.7516443,31238,11411,518.50767569999994,0,0,0,0,0,0,0,0,0,0,0,0,0,0,0,3623
01/26/2020 00:50:16,31253,11438,31272,11844,35191,13143,175.7137702,246.9710514,150.40035989999998,673.628309,161.1898575,18,230,107,411,8393,0,37.8364689,0,0,0,0,0,0,0,0,0,31246,11437,891.6039,0,0,0,0,0,0,0,0,0,0,0,0,0,0,0,3639
02/02/2020 00:50:03,31252,11439,31277,11845,35188,13146,172.488786,241.14207389999999,147.7407596,665.2100565,157.85834169999998,18,230,107,411,8393,0,38.974033,0,0,0,0,0,0,0,0,0,31251,11439,891.1005129,0,0,0,0,0,0,0,0,0,0,0,0,0,0,0,3639
02/09/2020 00:49:30,31252,11439,31277,11845,35189,13146,170.9618288,236.4761222,146.6785399,658.03253869999992,154.6971228,18,230,107,411,8393,0,37.3352821,0,0,0,0,0,0,0,0,0,31253,11438,876.73885939999991,0,0,0,0,0,0,0,0,0,0,0,0,0,0,0,3639
02/16/2020 00:49:43,31250,11438,31272,11842,35188,13144,172.5898722,237.0372731,146.4324322,668.7080014,154.4626577,18,230,107,411,8393,0,37.251632099999995,0,0,0,0,0,0,0,0,0,31250,11439,888.45304249999992,0,0,0,0,0,0,0,0,0,0,0,0,0,0,0,3638
02/23/2020 00:49:29,31251,11438,31274,11843,35190,13149,166.0730556,236.3515248,143.27803849999998,660.6253916,150.3444707,18,230,107,411,8393,0,38.9554286,0,0,0,0,0,0,0,0,0,31250,11426,898.63913529999991,0,0,0,0,0,0,0,0,0,0,0,0,0,0,0,3639
03/01/2020 00:49:26,31251,11438,31274,11843,35190,13149,166.2183383,236.6447565,142.67316399999999,666.07240749999994,150.3064054,18,230,107,411,8393,0,37.985371,0,0,0,0,0,0,0,0,0,31250,11438,870.1704165,0,0,0,0,0,0,0,0,0,0,0,0,0,0,0,3639
03/08/2020 00:50:00,31251,11438,31274,11843,35190,13149,169.4780208,241.04726159999998,145.7590601,682.5826306,151.3541538,18,230,107,411,8393,0,38.3485642,0,0,0,0,0,0,0,0,0,31250,11440,897.89920409999991,0,0,0,0,0,0,0,0,0,0,0,0,0,0,0,3639
03/15/2020 00:49:22,31251,11438,31274,11843,35190,13149,166.59071509999998,238.9012985,143.2877201,659.67826559999992,151.29876199999998,18,230,107,411,8393,0,37.929690199999996,0,0,0,35838,13079,4408.4709760999995,5418,4162,1499.2156278999998,31252,11436,881.11220029999993,0,0,0,0,0,0,0,0,0,0,0,0,0,0,0,3639
03/22/2020 00:49:32,31251,11438,31276,11848,35185,13150,168.8876779,241.1605009,143.2503199,660.4592425,150.1453348,18,230,107,411,8393,0,38.8429608,0,0,0,35838,13079,4395.8360375,5418,4162,1412.2451821,31251,11437,881.7942446,0,0,0,0,0,0,0,0,0,0,0,0,0,0,0,3639
04/05/2020 00:50:51,31330,11406,31299,11645,35210,13085,173.56416149999998,260.5930614,152.5957817,688.49659509999992,155.21397249999998,16,222,110,403,8170,0,33.7062573,0,0,0,35841,13149,4198.7881253,5352,3931,1227.5931954999999,31335,11390,335.02840679999997,0,0,0,0,0,0,0,0,0,0,0,0,0,0,0,3670
04/12/2020 00:48:34,31330,11406,31299,11645,35210,13085,155.84620769999998,233.6729715,134.2024137,626.0267152,144.25907669999998,16,222,110,403,8170,0,33.3504735,0,0,0,35841,13149,4215.5553973,5352,3931,1218.6016352,31335,11390,343.08694099999997,0,0,0,0,0,0,0,0,0,0,0,0,0,0,0,3670
04/19/2020 00:48:52,31330,11406,31298,11644,35215,13089,157.8868901,234.24529819999998,133.6786252,633.52614299999993,141.23939679999998,16,222,110,403,8170,0,33.8224265,0,0,0,35841,13149,4163.9129513,5352,3931,1228.4567809,31335,11390,338.5737488,0,0,0,0,0,0,0,0,0,0,0,0,0,0,0,3670
04/26/2020 00:49:04,31330,11406,31299,11645,35210,13086,156.0265564,235.3812467,133.35629369999998,630.3974857,140.1771986,16,222,110,403,8170,0,33.723108599999996,0,0,0,35841,13149,4288.0953734999994,5352,3931,1214.5288255,31335,11390,340.10275709999996,0,0,0,0,0,0,0,0,0,0,0,0,0,0,0,3670
05/03/2020 00:48:44,31330,11406,31303,11645,35213,13086,162.6964095,232.75447259999999,132.2348016,631.38730739999994,141.595497,16,222,110,403,8170,0,33.7826173,0,0,0,35841,13149,4273.9060797,5352,3931,1247.7883851,31335,11390,334.98294419999996,0,0,0,0,0,0,0,0,0,0,0,0,0,0,0,3670
05/10/2020 00:48:36,31330,11406,31299,11645,35210,13085,158.6634426,234.73742829999998,133.628098,640.7048605,143.28277939999998,16,222,110,403,8170,0,34.1296033,0,0,0,35841,13149,4164.5612857,5352,3931,1229.5749593,31335,11390,328.9126798,0,0,0,0,0,0,0,0,0,0,0,0,0,0,0,3670
05/17/2020 00:47:47,31331,11385,31292,11642,35192,13075,151.2155031,229.18820839999998,132.21513629999998,607.7208942,140.967232,16,222,109,398,8152,0,32.211013099999995,0,0,0,35859,13202,4105.4971547999994,5352,3928,1203.2835745,31327,11385,315.0540632,0,0,0,0,0,0,0,0,0,0,0,0,0,0,0,3670
05/24/2020 00:48:02,31331,11385,31292,11642,35200,13080,154.1132257,231.99164629999999,135.3160127,614.64776929999994,141.8632153,16,222,109,398,8152,0,32.0279792,0,0,0,35859,13202,4120.9577205,5216,3929,1217.5786678,31327,11385,324.0516038,0,0,0,0,0,0,0,0,0,0,0,0,0,0,0,3670
05/31/2020 00:48:30,31338,11401,31302,11644,35219,13073,155.1475772,236.7402991,133.6196628,634.3585729,143.1843139,16,222,109,398,8152,0,32.8718006,0,0,0,35892,13203,4201.2137643999995,5352,3928,1199.6784321,31334,11401,332.1125763,0,0,0,0,0,0,0,0,0,0,0,0,0,0,0,3671
06/07/2020 00:48:40,31338,11401,31304,11644,35215,13076,155.3659319,244.95294199999998,133.2698509,634.3262452,141.40896759999998,16,222,109,398,8152,0,33.5317668,0,0,0,35892,13203,4233.3693576,5352,3928,1199.0422776999999,31334,11401,334.2541424,0,0,0,0,0,0,0,0,0,0,0,0,0,0,0,3671
06/14/2020 00:48:27,31338,11401,31304,11644,35219,13075,156.3288025,234.37239219999998,133.2449842,639.2513119,143.373478,16,222,109,398,8152,0,32.8899805,0,0,0,35892,13203,4144.786083,5352,3928,1224.4597125999999,31334,11401,323.85066439999997,0,0,0,0,0,0,0,0,0,0,0,0,0,0,0,3671
06/21/2020 00:48:35,31338,11401,31304,11644,35219,13075,158.90888089999999,238.1812692,136.1539668,632.96106079999993,143.8197812,16,222,109,398,8152,0,34.1994313,0,0,0,35892,13203,4293.7749484999995,5352,3928,1209.3513429,31334,11401,324.5018688,0,0,0,0,0,0,0,0,0,0,0,0,0,0,0,3671
06/28/2020 00:49:07,31338,11401,31302,11646,35219,13077,154.183922,238.80213049999998,134.65826429999998,625.7491805,143.6838005,16,222,109,398,8152,0,33.0257605,0,0,0,35892,13203,4139.0401203,5352,3928,1209.0021758,31334,11401,316.4120574,0,0,0,0,0,0,0,0,0,0,0,0,0,0,0,3671
07/05/2020 00:49:35,31338,11401,31304,11644,35219,13075,155.573267,240.8839471,135.9560598,635.7202042,143.7889353,16,222,109,398,8152,0,33.528692299999996,0,0,0,35892,13203,4253.5720401,5352,3928,1208.5362673,31334,11401,321.5173502,0,0,0,0,0,0,0,0,0,0,0,0,0,0,0,3671
07/12/2020 00:48:39,31338,11401,31304,11644,35219,13075,154.7680782,242.251847,134.2523106,645.1279716,143.9454729,16,222,109,398,8152,0,33.472843399999995,0,0,0,35892,13203,4195.6668979,5352,3928,1212.7878077999999,31334,11401,329.0763138,0,0,0,0,0,0,0,0,0,0,0,0,0,0,0,3671
07/19/2020 00:48:51,31338,11401,31304,11644,35219,13075,156.3147301,239.43335119999998,134.43588409999998,647.23603129999992,150.9911626,16,222,109,398,8152,0,33.3176309,0,0,0,35892,13203,4293.7311052,5352,3928,1224.416569,31334,11401,322.4428785,0,0,0,0,0,0,0,0,0,0,0,0,0,0,0,3671
07/26/2020 00:48:28,31338,11401,31304,11644,35219,13075,153.2503515,236.6886911,133.86912429999998,634.00379079999993,144.1028412,16,222,109,398,8152,0,33.4984427,0,0,0,35892,13203,4190.7112714999994,5352,3928,1241.4432554999999,31334,11401,322.4435375,0,0,0,0,0,0,0,0,0,0,0,0,0,0,0,3671
08/02/2020 00:48:57,31338,11401,31304,11645,35219,13076,157.37384939999998,238.3918271,133.9013104,650.9874648,147.41021229999998,16,222,109,398,8152,0,34.0948788,0,0,0,35892,13203,4201.8421874,5352,3928,1225.3572189,31334,11401,324.0153477,0,0,0,0,0,0,0,0,0,0,0,0,0,0,0,3671
08/09/2020 00:48:59,31338,11401,31304,11645,35215,13073,157.5306592,238.1927838,133.7126439,650.6594752,145.1710209,16,222,109,398,8152,0,33.334046199999996,0,0,0,35892,13203,4175.116819,5352,3928,1238.5521259,31334,11401,317.7891868,0,0,0,0,0,0,0,0,0,0,0,0,0,0,0,3671
08/16/2020 00:49:17,31338,11401,31304,11644,35219,13075,156.3182685,267.9598376,137.2344963,642.3784076,144.04906649999998,16,222,109,398,8152,0,33.7150132,0,0,0,35892,13203,4236.3341095,5352,3928,1226.9357671999999,31334,11401,321.3103198,0,0,0,0,0,0,0,0,0,0,0,0,0,0,0,3671
09/13/2020 00:49:11,31338,11401,31303,11644,35219,13075,157.94644649999998,269.4414311,135.19298129999999,646.0683298,144.865147,16,222,109,398,8152,0,33.328901099999996,0,0,0,35892,13203,4335.5413505999995,5352,3928,1209.5255004,31334,11401,321.688454,0,0,0,0,0,0,0,0,0,0,0,0,0,0,0,3671
09/20/2020 00:48:51,31338,11401,31304,11644,35219,13075,156.319844,240.9148942,134.3171004,639.6313391,144.4572657,16,222,109,398,8152,0,33.3929385,0,0,0,35892,13203,4046.2320962,5352,3928,1224.0272151,31334,11401,336.44590769999996,0,0,0,0,0,0,0,0,0,0,0,0,0,0,0,3671
09/27/2020 00:49:01,31338,11401,31299,11643,35217,13073,158.5647421,238.9522228,134.9511724,651.8535747,142.9396626,16,222,109,398,8152,0,34.1082804,0,0,0,35892,13203,4272.4514149999995,5352,3928,1210.3329827999999,31334,11401,334.1571274,0,0,0,0,0,0,0,0,0,0,0,0,0,0,0,3671
10/04/2020 00:48:44,31338,11401,31304,11644,35219,13075,156.1606865,239.2858799,135.1250479,637.91874599999994,146.7262394,16,222,109,398,8152,0,33.474010299999996,0,0,0,35892,13203,4244.4597638999994,5352,3928,1221.2492654999999,31334,11401,334.99255669999997,0,0,0,0,0,0,0,0,0,0,0,0,0,0,0,3671
10/11/2020 00:48:59,31338,11401,31305,11646,35219,13075,159.47361669999998,240.0929194,134.8923428,644.80667999999991,147.5149099,16,222,109,398,8152,0,33.414479899999996,0,0,0,35892,13203,4182.8050071,5352,3928,1234.2093879,31334,11401,327.8404291,0,0,0,0,0,0,0,0,0,0,0,0,0,0,0,3671
10/18/2020 00:48:30,31338,11401,31304,11645,35219,13076,157.2294624,237.48233069999998,134.02083489999998,639.2172454,142.22778839999998,16,222,109,398,8152,0,33.250060999999995,0,0,0,35893,13204,4303.6057365,5352,3928,1204.0878172999999,31334,11401,314.6991575,0,0,0,0,0,0,0,0,0,0,0,0,0,0,0,3671
10/25/2020 00:49:01,31338,11401,31302,11645,35212,13074,157.46834189999998,241.5836082,134.7168204,657.0255955,144.1651623,16,222,109,398,8152,0,33.549977999999996,0,0,0,35893,13204,4192.7987601999994,5352,3928,1226.6910168,31334,11401,321.9245024,0,0,0,0,0,0,0,0,0,0,0,0,0,0,0,3671
11/01/2020 00:48:50,31338,11401,31304,11644,35210,13074,156.2982645,237.3154811,133.16746519999998,641.1497292,142.8226604,16,222,109,398,8152,0,33.0526175,0,0,0,35893,13204,4197.0006809,5352,3928,1209.3353022,31334,11401,322.0149085,0,0,0,0,0,0,0,0,0,0,0,0,0,0,0,3671
11/08/2020 00:48:41,31338,11401,31304,11644,35219,13075,157.5659588,239.2696383,132.9615633,636.62984599999993,140.9653299,16,222,109,398,8152,0,32.9300917,0,0,0,35893,13204,4229.3621526,5352,3928,1223.3372123,31334,11401,327.2796593,0,0,0,0,0,0,0,0,0,0,0,0,0,0,0,3671
11/15/2020 00:48:34,31338,11401,31304,11645,35219,13076,155.56223549999999,238.4170718,134.3612192,640.10524909999992,142.92310329999998,16,222,109,398,8152,0,32.9230162,0,0,0,35893,13204,4188.6909636,5352,3928,1221.6429744,31334,11401,321.93462009999996,0,0,0,0,0,0,0,0,0,0,0,0,0,0,0,3671
11/22/2020 00:49:42,31338,11401,31304,11644,35219,13075,168.0022345,241.0304866,135.3362071,650.25313039999992,148.5918446,16,222,109,398,8152,0,35.5653699,0,0,0,35893,13204,4457.4707278,5352,3928,1247.4993660999999,31334,11401,364.644944,0,0,0,0,0,0,0,0,0,0,0,0,0,0,0,3671
11/29/2020 00:48:58,31338,11401,31304,11644,35219,13075,164.2177131,240.7987801,140.061011,632.332442,146.008273,16,222,109,398,8152,0,34.2775278,0,0,0,35893,13204,4364.0340387,5352,3928,1204.1263078,31334,11401,343.8788381,0,0,0,0,0,0,0,0,0,0,0,0,0,0,0,3671
12/06/2020 00:48:58,31338,11401,31302,11644,35217,13074,158.36162629999998,240.59872,139.459817,641.8976517,147.3155691,16,222,109,398,8152,0,34.1886717,0,0,0,35893,13204,4208.5847435999995,5352,3928,1216.3820345,31334,11401,322.8892001,0,0,0,0,0,0,0,0,0,0,0,0,0,0,0,3671
12/13/2020 00:50:35,31325,11382,31289,11565,35208,13077,172.9818848,289.80176,153.1486448,643.7649658,160.6439952,16,222,109,398,8152,0,42.1703006,0,0,0,35820,13148,4242.3902191,5214,3930,1441.4045637,31326,11402,387.5981968,0,0,0,0,0,0,0,0,0,0,0,0,0,0,0,3647
01/17/2021 00:50:28,31332,11411,31287,11603,35208,13078,172.6591451,287.7636004,153.2257313,652.01329509999994,159.56959469999998,16,222,109,398,8152,0,42.0379761,0,0,0,35823,13147,4335.6158094,5213,3928,1447.3068468,31328,11387,369.247396,0,0,0,0,0,0,0,0,0,0,0,0,0,0,0,3673
01/24/2021 00:53:57,31332,11411,31290,11616,35208,13067,192.84380349999998,351.65709519999996,162.9387054,721.512606,173.6746245,16,222,109,398,8152,0,47.918193099999996,0,0,0,35825,13115,5345.3163979,5213,3928,1675.7821228,31328,11387,443.69476929999996,0,0,0,0,0,0,0,0,0,0,0,0,0,0,0,3673
01/31/2021 00:50:40,31332,11411,31290,11641,35205,13083,172.2791125,288.2368803,150.7180746,657.7203634,159.9823714,16,222,109,398,8152,0,41.9668449,0,0,0,35825,13115,4461.1949344999994,5213,3928,1443.7263352,31328,11387,376.8526126,0,0,0,0,0,0,0,0,0,0,0,0,0,0,0,3673
02/07/2021 00:52:36,31332,11411,31290,11641,35205,13083,184.85450749999998,303.11628509999997,162.9498916,701.5069793,173.6031142,16,222,109,398,8152,0,45.8011614,0,0,0,35825,13115,4575.1421447,5213,3928,1545.5009552,31328,11387,412.1973771,0,0,0,0,0,0,0,0,0,0,0,0,0,0,0,3673
02/14/2021 00:50:44,31332,11411,31293,11642,35211,13081,172.6070784,311.830737,152.9682399,640.5410248,161.8934301,16,222,109,398,8152,0,42.044448599999996,0,0,0,35825,13115,4217.6960407999995,5213,3928,1442.3334848,31328,11387,381.4039644,0,0,0,0,0,0,0,0,0,0,0,0,0,0,0,3673
02/21/2021 00:51:09,31332,11411,31281,11566,35198,13078,173.4905736,309.50046599999996,152.33702259999998,640.06189069999994,161.3961477,16,222,109,398,8152,0,42.079463499999996,0,0,0,35825,13115,4483.8448853,5213,3928,1420.6123661,31328,11387,387.0699292,0,0,0,0,0,0,0,0,0,0,0,0,0,0,0,3673
02/28/2021 00:51:11,31332,11411,31290,11641,35205,13083,173.5793205,315.61267349999997,153.1284273,655.7001342,161.1112427,16,222,109,398,8152,0,42.131569299999995,0,0,0,35825,13115,4454.9860580999994,5213,3928,1428.8611442,31328,11387,386.3174826,0,0,0,0,0,0,0,0,0,0,0,0,0,0,0,3673
03/07/2021 00:50:41,31332,11411,31290,11641,35205,13083,175.7395594,310.118828,152.2953987,638.3075903,162.6883181,16,222,109,398,8152,0,42.573049499999996,0,0,0,35825,13115,4438.9777573,5213,3928,1448.6470542,31328,11387,391.7050878,0,0,0,0,0,0,0,0,0,0,0,0,0,0,0,3673
03/14/2021 00:52:55,31332,11411,31290,11641,35205,13083,180.19561339999998,323.05549379999997,158.0545014,667.9888283,165.496365,16,222,109,398,8152,0,45.3441586,0,0,0,35825,13115,4571.9686737,5213,3928,1501.7971828,31328,11387,397.80218049999996,0,0,0,0,0,0,0,0,0,0,0,0,0,0,0,3673
03/21/2021 00:50:53,31332,11411,31290,11641,35205,13083,176.4847646,315.4334833,152.1646573,656.0460686,162.2406512,16,222,109,398,8152,0,43.4472143,0,0,0,35825,13115,4363.6335031,5213,3928,1464.7598921,31328,11387,392.15255559999997,0,0,0,0,0,0,0,0,0,0,0,0,0,0,0,3673
03/28/2021 00:51:12,31332,11411,31290,11605,35208,13081,179.202477,319.33233379999996,154.1509731,646.814185,165.7779444,16,222,109,398,8152,0,44.433946999999996,0,0,0,35825,13115,4434.1982529,5213,3928,1467.7965141,31328,11387,392.0426902,0,0,0,0,0,0,0,0,0,0,0,0,0,0,0,3673
04/04/2021 00:51:35,31332,11411,31292,11616,35206,13079,179.9565805,319.11054229999996,156.17912429999998,662.0418545,164.7929709,16,222,109,398,8152,0,45.4080174,0,0,0,35825,13115,4538.2810592,5213,3928,1480.1326239,31328,11387,392.6831942,0,0,0,0,0,0,0,0,0,0,0,0,0,0,0,3673
04/11/2021 00:51:45,31332,11411,31292,11605,35209,13087,173.4700378,310.050591,152.2729017,663.6143144,160.9957786,16,222,109,398,8152,0,44.909532999999996,0,0,0,35825,13115,4285.7276372,5213,3928,1475.4779545,31328,11387,393.615727,0,0,0,0,0,0,0,0,0,0,0,0,0,0,0,3673
04/18/2021 00:50:59,31332,11411,31290,11641,35205,13083,176.2447086,312.9473223,154.05679899999998,657.60036089999994,163.0374147,16,222,109,398,8152,0,45.1060711,0,0,0,35825,13115,4491.5125761,5213,3928,1500.3827145,31328,11387,397.6737458,0,0,0,0,0,0,0,0,0,0,0,0,0,0,0,3673
04/25/2021 00:50:33,31332,11411,31292,11604,35208,13080,171.4065004,302.7463479,146.0833453,665.9688315,155.9781275,16,222,109,398,8152,0,42.5471843,0,0,0,35825,13115,4451.0375632,5213,3928,1462.2309873,31328,11387,384.9981524,0,0,0,0,0,0,0,0,0,0,0,0,0,0,0,3673
05/02/2021 00:50:32,31332,11411,31290,11641,35205,13083,171.2327267,303.0657295,149.0805662,655.259837,154.6680501,16,222,109,398,8152,0,42.565109799999995,0,0,0,35825,13115,4471.0139822,5213,3928,1463.6506676,31328,11387,384.93069529999997,0,0,0,0,0,0,0,0,0,0,0,0,0,0,0,3673
05/09/2021 00:50:18,31332,11411,31292,11616,35211,13087,168.96609859999998,296.53028409999996,145.74659359999998,647.9298349,156.3960718,16,222,109,398,8152,0,42.6452214,0,0,0,35825,13115,4440.406919,5213,3928,1468.7348927,31328,11387,379.2331872,0,0,0,0,0,0,0,0,0,0,0,0,0,0,0,3673
05/23/2021 00:52:50,31332,11411,31294,11641,35209,13073,284.3379988,306.3668065,186.112932,656.7491021,142.2174934,16,222,109,398,8152,0,41.8806309,0,0,0,35825,13115,4297.0202579,5213,3928,1397.2205009,31328,11387,392.2547873,0,0,0,0,0,0,0,0,0,0,0,0,0,0,0,3673
05/30/2021 00:49:48,31332,11411,31290,11641,35205,13083,160.7050128,303.4305897,137.6022299,638.55114859999992,147.1195486,16,222,109,398,8152,0,41.227551399999996,0,0,0,35825,13115,4294.6145568,5213,3928,1441.9343775999998,31328,11387,387.1445611,0,0,0,0,0,0,0,0,0,0,0,0,0,0,0,3673
06/06/2021 00:54:12,31332,11411,31290,11641,35205,13083,188.67800929999999,347.5119127,161.1657482,777.7762045,172.5983685,16,222,109,398,8152,0,47.7055915,0,0,0,35825,13115,5420.7089381999995,5213,3928,1667.9441769999999,31328,11387,429.92254529999997,0,0,0,0,0,0,0,0,0,0,0,0,0,0,0,3673
06/13/2021 00:50:04,31332,11411,31290,11641,35205,13083,162.6307424,305.3666876,138.2518831,657.85126029999992,147.81975269999998,16,222,109,398,8152,0,43.214290399999996,0,0,0,35825,13115,4162.4994621999995,5213,3928,1416.6671029,31328,11387,382.4073858,0,0,0,0,0,0,0,0,0,0,0,0,0,0,0,3673
06/20/2021 00:49:39,31332,11411,31290,11641,35205,13083,160.6147699,297.0769133,134.5318376,634.3707195,146.1284875,16,222,109,398,8152,0,45.343077199999996,0,0,0,35825,13115,4310.1802007999995,5213,3928,1408.2916398,31328,11387,387.97828069999997,0,0,0,0,0,0,0,0,0,0,0,0,0,0,0,3673
06/27/2021 00:49:24,31332,11411,31292,11641,35208,13086,156.8507402,294.0180957,132.8656849,635.98356389999992,143.6210188,16,222,109,398,8152,0,41.1288078,0,0,0,35825,13115,4328.1878593,5213,3928,1410.987886,31328,11387,366.3709446,0,0,0,0,0,0,0,0,0,0,0,0,0,0,0,3673
07/04/2021 00:49:18,31332,11411,31290,11641,35205,13083,156.2767795,291.486858,136.1239409,637.88547399999993,142.4822724,16,222,109,398,8152,0,41.2899491,0,0,0,35825,13115,4268.6299975,5213,3928,1417.7904408,31328,11387,374.7233387,0,0,0,0,0,0,0,0,0,0,0,0,0,0,0,3673
07/11/2021 00:49:07,31332,11411,31290,11641,35205,13083,157.5932311,291.7378629,132.45899119999999,632.599825,143.13015529999998,16,222,109,398,8152,0,41.3673687,0,0,0,35825,13115,4258.3948823,5213,3928,1416.9976706999998,31328,11387,371.93105879999996,0,0,0,0,0,0,0,0,0,0,0,0,0,0,0,3673
07/18/2021 00:49:47,31332,11411,31290,11616,35204,13081,164.1450815,295.012402,134.095866,640.9203299,146.07822529999999,16,222,109,398,8152,0,41.1754144,0,0,0,35822,13118,4520.3833539,5213,3928,1686.8659429,31329,11402,383.25086699999997,0,0,0,0,0,0,0,0,0,0,0,0,0,0,0,3673
07/25/2021 00:49:30,31332,11411,31290,11641,35205,13083,157.82691,294.8857395,133.9168006,639.7299296,142.9917725,16,222,109,398,8152,0,41.2876426,0,0,0,35821,13115,4166.6833037999995,5213,3928,1710.7573806999999,31329,11402,384.9056609,0,0,0,0,0,0,0,0,0,0,0,0,0,0,0,3673
08/01/2021 00:49:19,31332,11411,31290,11643,35205,13079,157.265117,292.65956159999996,133.2461002,638.7207708,142.8142043,16,222,109,398,8152,0,40.5675364,0,0,0,35821,13115,4257.2090158,5213,3928,1666.5808874,31329,11402,387.81955539999996,0,0,0,0,0,0,0,0,0,0,0,0,0,0,0,3673
08/08/2021 00:49:14,31332,11411,31293,11642,35206,13076,155.35250399999998,290.9444299,131.51687339999998,634.7644908,142.1682241,54,335,90,408,7047,0,61.132397499999996,0,0,0,35821,13115,4203.2433316,5213,3928,1718.9757081999999,31329,11402,373.3389074,0,0,0,0,0,0,0,0,0,0,0,0,0,0,0,3673
08/15/2021 00:49:17,31332,11411,31290,11641,35205,13083,155.8847466,288.3291988,136.2905807,645.11650179999992,143.56062839999998,54,335,90,408,7047,0,60.7192229,0,0,0,35821,13115,4262.9614680999994,5213,3928,1734.5601195,31329,11402,378.740733,0,0,0,0,0,0,0,0,0,0,0,0,0,0,0,3673
08/22/2021 00:49:56,31332,11411,31290,11641,35205,13083,157.9751957,295.72178279999997,137.5854257,661.2960105,146.3099255,54,335,90,408,7047,0,60.059594999999995,0,0,0,35821,13115,4168.8402195,5213,3928,1683.1364373,31329,11402,381.7168908,0,0,0,0,0,0,0,0,0,0,0,0,0,0,0,3673
08/29/2021 00:49:48,31332,11411,31290,11641,35205,13083,155.7166018,292.4074016,157.7797832,641.9452898,144.37654759999998,54,335,90,408,7047,0,60.8890422,0,0,0,35821,13115,4131.0170373,5213,3928,1710.437968,31329,11402,378.65881709999996,0,0,0,0,0,0,0,0,0,0,0,0,0,0,0,3673
09/05/2021 00:49:59,31332,11411,31290,11641,35205,13083,155.8384798,289.4451059,132.8252172,637.0486389,141.3626625,54,335,90,408,7047,0,59.7455188,0,0,0,35821,13115,4154.9180080999995,5213,3928,1660.3071052,31329,11402,377.0726871,0,0,0,0,0,0,0,0,0,0,0,0,0,0,0,3673
09/12/2021 00:49:35,31332,11411,31293,11642,35204,13080,157.5870419,290.1236107,134.48702649999998,644.4647202,142.0925039,54,335,90,408,7047,0,61.122348499999994,0,0,0,35821,13115,4236.5325414,5213,3928,1765.4494799,31329,11402,380.8726397,0,0,0,0,0,0,0,0,0,0,0,0,0,0,0,3673
09/19/2021 00:49:21,31332,11411,31290,11641,35205,13083,157.9041224,292.8578233,134.3573803,639.9026715,144.7335652,54,335,90,408,7047,0,60.817516499999996,0,0,0,35821,13115,4297.2846396999994,5213,3928,1756.673359,31329,11402,371.40238589999996,0,0,0,0,0,0,0,0,0,0,0,0,0,0,0,3673
09/26/2021 00:49:19,31332,11411,31290,11641,35205,13083,159.65814129999998,292.1138612,134.736862,637.1347109,144.8191039,54,335,90,408,7047,0,60.6316997,0,0,0,35821,13115,4275.304413,5213,3928,1745.1833517,31329,11402,378.1232151,0,0,0,0,0,0,0,0,0,0,0,0,0,0,0,3673
10/03/2021 00:49:26,31332,11411,31293,11641,35210,13081,157.0071934,294.4932966,134.811161,636.6672057,143.0046523,54,335,90,408,7047,0,60.4018862,0,0,0,35821,13115,4096.674948,5213,3928,1704.4745415,31329,11402,375.9157385,0,0,0,0,0,0,0,0,0,0,0,0,0,0,0,3673
10/10/2021 00:49:36,31332,11411,31292,11616,35208,13081,157.44216649999998,293.692687,134.7151283,645.48474379999993,143.2851216,54,335,90,408,7047,0,61.5938278,0,0,0,35821,13115,4468.4217205999994,5213,3928,1741.5334332,31329,11402,377.08869649999997,0,0,0,0,0,0,0,0,0,0,0,0,0,0,0,3673
10/17/2021 00:49:46,31332,11411,31290,11641,35205,13083,161.3989449,299.7143427,136.11753249999998,656.2349912,144.40894799999998,54,335,90,408,7047,0,61.007739199999996,0,0,0,35821,13115,4227.5261229,5213,3928,1730.6412699,31329,11402,392.6404131,0,0,0,0,0,0,0,0,0,0,0,0,0,0,0,3673
10/24/2021 01:03:08,31332,11411,31290,11641,35205,13083,279.193203,480.05507289999997,225.4241107,922.6767675,244.4975352,54,335,90,408,7047,0,105.99268239999999,0,0,0,35821,13115,5688.2653206999994,5213,3928,2520.3060269,31329,11402,683.1657685,0,0,0,0,0,0,0,0,0,0,0,0,0,0,0,3673
10/31/2021 00:49:51,31332,11411,31292,11615,35207,13080,162.48292429999998,301.6922237,137.13624579999998,643.76810549999993,145.1090653,54,335,90,408,7047,0,60.666669899999995,0,0,0,35821,13115,4300.6099931,5213,3928,1744.3599247999998,31329,11402,393.52588499999996,0,0,0,0,0,0,0,0,0,0,0,0,0,0,0,3673
11/07/2021 00:49:53,31332,11411,31290,11641,35205,13083,161.6472418,298.9989863,137.8111358,649.1684652,143.0510375,54,335,90,408,7047,0,60.620649099999994,0,0,0,35821,13115,4243.9142164999994,5213,3928,1711.0577750999998,31329,11402,389.9794559,0,0,0,0,0,0,0,0,0,0,0,0,0,0,0,3673
11/14/2021 00:49:49,31332,11411,31291,11641,35207,13080,163.2795204,300.0306615,136.2509528,650.3197702,147.85049329999998,54,335,90,408,7047,0,62.2070381,0,0,0,35821,13115,4263.8185197,5213,3928,1748.7988948,31329,11402,401.1405182,0,0,0,0,0,0,0,0,0,0,0,0,0,0,0,3673
11/21/2021 00:49:18,31332,11411,31290,11641,35205,13083,155.2897964,289.2973901,132.43011629999998,636.2834839,144.1242986,54,335,90,408,7047,0,62.393687299999996,0,0,0,35821,13115,4277.2000013,5213,3928,1717.8582368,31329,11402,384.37451219999997,0,0,0,0,0,0,0,0,0,0,0,0,0,0,0,3673
11/28/2021 00:49:20,31332,11411,31290,11641,35205,13083,156.324303,292.13774459999996,132.6660672,636.4566998,147.0028524,54,335,90,408,7047,0,61.008213899999994,0,0,0,35821,13115,4140.4720943,5213,3928,1687.4661231,31329,11402,370.6647728,0,0,0,0,0,0,0,0,0,0,0,0,0,0,0,3673
12/05/2021 00:50:13,31332,11411,31290,11641,35205,13083,160.32354039999998,297.4461855,131.5304986,643.0477088,143.3764373,54,335,90,408,7047,0,60.4027575,0,0,0,35821,13115,4144.0816294999995,5213,3928,1679.5316352999998,31329,11402,395.7033186,0,0,0,0,0,0,0,0,0,0,0,0,0,0,0,3673
12/12/2021 00:50:46,31332,11411,31290,11641,35205,13083,161.399838,300.8128958,136.13996029999998,652.29276529999993,149.10836849999998,54,335,90,408,7047,0,63.2531998,0,0,0,35821,13115,4388.9974237999995,5213,3928,1767.8604897,31329,11402,392.9422452,0,0,0,0,0,0,0,0,0,0,0,0,0,0,0,3673
01/16/2022 00:49:24,31332,11411,31290,11641,35205,13083,157.16140819999998,291.40512,136.319638,641.7446589,150.24046959999998,54,335,90,408,7047,0,63.2328993,0,0,0,35821,13115,4372.6271533,5213,3928,1758.5157281,31329,11402,386.5051509,0,0,0,0,0,0,0,0,0,0,0,0,0,0,0,3673
01/23/2022 00:50:50,31332,11411,31290,11641,35205,13083,172.5601458,317.252685,142.999257,668.2026618,158.6890044,54,335,90,408,7047,0,66.084512,0,0,0,35821,13115,4583.9467032,5213,3928,1830.8929882999998,31329,11402,412.2823739,0,0,0,0,0,0,0,0,0,0,0,0,0,0,0,3673
01/30/2022 00:50:24,31332,11411,31290,11641,35208,13079,165.5224553,311.25067179999996,140.23992859999998,661.61121129999992,148.8052121,54,335,90,408,7047,0,64.0245214,0,0,0,35821,13115,4290.7767218,5213,3928,1803.6510571,31329,11402,400.7602348,0,0,0,0,0,0,0,0,0,0,0,0,0,0,0,3673
02/06/2022 00:50:11,31332,11411,31290,11641,35208,13079,165.29480239999998,299.6117122,136.52821269999998,650.2088746,146.72487519999999,54,335,90,408,7047,0,63.851765099999994,0,0,0,35821,13115,4268.1929917,5213,3928,1720.4756337,31329,11402,376.226947,0,0,0,0,0,0,0,0,0,0,0,0,0,0,0,3673
02/13/2022 00:49:58,31332,11411,31290,11641,35208,13079,162.2127557,300.746938,139.4525182,655.76874249999992,148.86095419999998,54,335,90,408,7047,0,62.506948699999995,0,0,0,35821,13115,4356.5299846,5213,3928,1729.4761449,31329,11402,384.5468677,0,0,0,0,0,0,0,0,0,0,0,0,0,0,0,3673
02/20/2022 00:49:44,31332,11411,31290,11641,35208,13079,160.1717472,297.5804874,137.38063839999998,645.7175341,147.2656801,54,335,90,408,7047,0,62.2975041,0,0,0,35821,13115,4240.0833984,5213,3928,1795.9264664,31329,11402,376.4134453,0,0,0,0,0,0,0,0,0,0,0,0,0,0,0,3673
02/27/2022 00:50:11,31332,11411,31291,11606,35208,13081,161.1229608,298.8102704,137.72683519999998,645.9352493,144.85077669999998,54,335,90,408,7047,0,61.356969299999996,0,0,0,35821,13115,4359.1308364,5213,3928,1729.2831336,31329,11402,396.80938879999997,0,0,0,0,0,0,0,0,0,0,0,0,0,0,0,3673
03/06/2022 00:50:06,31332,11411,31290,11641,35208,13079,162.1271128,300.4173212,136.83606849999998,652.8035332,146.2626302,54,335,90,408,7047,0,62.4785061,0,0,0,35821,13115,4357.4104247,5213,3928,1735.6953726,31329,11402,387.8503085,0,0,0,0,0,0,0,0,0,0,0,0,0,0,0,3673
03/13/2022 00:50:11,31332,11411,31290,11641,35208,13079,165.47207899999998,308.7032939,141.9456368,648.40539289999992,150.6696705,54,335,90,408,7047,0,63.9448009,0,0,0,35821,13115,4227.3615702,5213,3928,1759.9092378,31329,11402,399.73171279999997,0,0,0,0,0,0,0,0,0,0,0,0,0,0,0,3673
03/20/2022 00:50:16,31332,11411,31290,11641,35208,13079,165.703466,307.86643119999997,143.4044503,654.23686709999993,149.9749573,54,335,90,408,7047,0,63.160817599999994,0,0,0,35821,13115,4378.9887966999995,5213,3928,1733.0410951,31329,11402,379.4304133,0,0,0,0,0,0,0,0,0,0,0,0,0,0,0,3673
03/27/2022 00:50:33,31332,11411,31290,11641,35208,13079,166.9027083,310.4690985,142.1798023,659.79431149999994,151.7213759,54,335,90,408,7047,0,64.2779948,0,0,0,35821,13115,4261.977401,5213,3928,1692.2775344,31329,11402,399.3247927,0,0,0,0,0,0,0,0,0,0,0,0,0,0,0,3673
04/03/2022 00:50:21,31332,11411,31290,11641,35208,13079,164.00213209999998,308.0554396,141.9627392,652.76399299999991,150.0873575,54,335,90,408,7047,0,63.9007478,0,0,0,35821,13115,4400.6015087999995,5213,3928,1767.1837282,31329,11402,384.3677469,0,0,0,0,0,0,0,0,0,0,0,0,0,0,0,3673
04/10/2022 00:50:46,31332,11411,31290,11641,35208,13079,168.4756731,310.4017489,143.57850679999999,663.5074386,151.4610708,54,335,90,408,7047,0,65.3603912,0,0,0,35821,13115,4322.8296005,5213,3928,1754.5674946,31329,11402,390.3796633,0,0,0,0,0,0,0,0,0,0,0,0,0,0,0,3673
04/17/2022 00:50:37,31332,11411,31290,11641,35208,13079,166.8190098,311.0433657,144.80370829999998,658.56031899999994,149.83481899999998,54,335,90,408,7047,0,63.834181799999996,0,0,0,35821,13115,4295.6286694,5213,3928,1785.7981117,31329,11402,393.272402,0,0,0,0,0,0,0,0,0,0,0,0,0,0,0,3673
04/24/2022 00:50:50,31332,11411,31292,11643,35205,13075,164.8595105,302.5042076,140.3266884,662.0988083,149.0907742,54,335,90,408,7047,0,63.2987026,0,0,0,35821,13115,4336.1609557,5213,3928,1702.8949744,31329,11402,392.8625262,0,0,0,0,0,0,0,0,0,0,0,0,0,0,0,3673
05/01/2022 00:50:08,31332,11411,31290,11641,35208,13079,162.1616044,308.89586249999996,141.0967838,639.5246037,149.2950005,54,335,90,408,7047,0,62.9342738,0,0,0,35821,13115,3464.9739723,5213,3928,1670.0224087,31329,11402,377.5864123,0,0,0,0,0,0,0,0,0,0,0,0,0,0,0,3673
05/08/2022 00:50:07,31332,11411,31290,11641,35208,13079,164.51465919999998,309.7422396,142.2532575,635.7700982,148.43285749999998,54,335,90,408,7047,0,62.670918199999996,0,0,0,35821,13115,3454.7216249999997,5213,3928,1677.9372661999998,31329,11402,370.16525509999997,0,0,0,0,0,0,0,0,0,0,0,0,0,0,0,3673
05/15/2022 00:49:33,31332,11411,31290,11641,35208,13079,162.24462,308.45541399999996,138.9092275,619.0534003,148.3234494,54,335,90,408,7047,0,63.3125362,0,0,0,35821,13115,3446.5570961999997,5213,3928,1659.4958405,31329,11402,356.7456295,0,0,0,0,0,0,0,0,0,0,0,0,0,0,0,3673
05/22/2022 00:49:53,31332,11411,31290,11641,35208,13079,165.7581931,306.5411226,141.1588217,632.6118302,148.78873719999999,54,335,90,408,7047,0,62.6942368,0,0,0,35821,13115,3408.182289,5213,3928,1707.6084537,31329,11402,367.245122,0,0,0,0,0,0,0,0,0,0,0,0,0,0,0,3673
05/29/2022 00:49:29,31332,11411,31290,11641,35208,13079,160.00809719999998,296.8919759,134.84173769999998,612.1445341,144.03825799999998,54,335,90,408,7047,0,61.877979599999996,0,0,0,35821,13115,3272.085524,5213,3928,1667.6814716,31329,11402,372.8179231,0,0,0,0,0,0,0,0,0,0,0,0,0,0,0,3673
06/05/2022 00:50:21,31332,22164,31290,16729,35208,17820,166.85973719999998,313.5420115,143.8334955,651.9201423,152.8917634,54,335,90,408,7047,0,63.4615338,0,0,0,35821,32692,3519.4989975999997,5213,22855,1783.3832625,31329,22150,365.49979329999996,0,0,0,0,0,0,0,0,0,0,0,0,0,0,0,3673
06/12/2022 00:50:36,31332,22164,31291,16728,35207,17826,168.4963651,319.9649952,142.1547635,655.80593249999993,152.12879289999998,54,335,90,408,7047,0,63.371376,0,0,0,35821,32692,3557.6414925,5213,22855,1784.6436185999999,31329,22150,379.4501514,0,0,0,0,0,0,0,0,0,0,0,0,0,0,0,3673
06/19/2022 00:51:26,31332,22164,31290,16729,35208,17820,173.03540909999998,328.90082789999997,149.6463929,680.1455013,158.6305045,54,335,90,408,7047,0,66.810216799999992,0,0,0,35821,32692,3534.8695494999997,5213,22855,1736.1017250999998,31329,22150,384.9391941,0,0,0,0,0,0,0,0,0,0,0,0,0,0,0,3673
06/26/2022 00:52:41,31332,22164,31290,16729,35208,17820,181.67005279999998,348.57966039999997,160.784362,694.7266449,167.2954216,54,335,90,408,7047,0,68.3008285,0,0,0,35821,32692,3797.9675850999997,5213,22855,1892.2972625,31329,22150,405.23436949999996,0,0,0,0,0,0,0,0,0,0,0,0,0,0,0,3673
07/03/2022 00:51:54,31332,22164,31290,16729,35208,17820,172.5401627,334.3184958,153.7183076,687.2621861,162.0030538,54,335,90,408,7047,0,64.5904579,0,0,0,35821,32692,3626.4805499999998,5213,22855,1814.5385611,31329,22150,391.3408177,0,0,0,0,0,0,0,0,0,0,0,0,0,0,0,3673
07/10/2022 00:51:46,31332,22164,31290,16729,35208,17820,172.84979669999998,329.4753212,151.1686102,677.7999129,164.4979702,54,335,90,408,7047,0,66.4381433,0,0,0,35821,32692,3557.3993698,5213,22855,1766.0182267,31329,22150,390.22853599999996,0,0,0,0,0,0,0,0,0,0,0,0,0,0,0,3673
07/17/2022 00:50:46,31332,22164,31290,16729,35208,17820,169.2624089,323.15957249999997,148.1442028,654.36560709999992,156.0858613,54,335,90,408,7047,0,64.3609866,0,0,0,35821,32692,3501.3095025999996,5213,22855,1772.2290790999998,31329,22150,377.3635529,0,0,0,0,0,0,0,0,0,0,0,0,0,0,0,3673
07/24/2022 00:50:42,31332,22164,31290,16729,35208,17820,169.33661429999998,316.9599725,144.7560212,660.1016326,151.1885338,54,335,90,408,7047,0,62.5772535,0,0,0,35821,32692,3521.8510463999996,5213,22855,1859.0178449999999,31329,22150,380.0759642,0,0,0,0,0,0,0,0,0,0,0,0,0,0,0,3673
07/31/2022 00:50:36,31332,22164,31290,16729,35210,17825,168.6903618,319.096842,143.3631479,644.9927369,156.06751119999998,54,335,90,408,7047,0,63.9600747,0,0,0,35821,32692,3462.4556473,5213,22855,1803.9769211999999,31329,22150,382.90297269999996,0,0,0,0,0,0,0,0,0,0,0,0,0,0,0,3673
08/07/2022 00:50:27,31332,22164,31290,16729,35208,17820,162.65909499999998,311.2191315,141.8325883,648.29047029999992,152.23154159999999,54,335,90,408,7047,0,63.108465699999996,0,0,0,35821,32692,3439.2676603,5213,22855,1767.4740061999998,31329,22150,365.12609879999997,0,0,0,0,0,0,0,0,0,0,0,0,0,0,0,3673
08/14/2022 00:50:12,31332,22164,31290,16729,35208,17820,163.9823573,314.0681409,140.8260952,639.230141,152.0327328,54,335,90,408,7047,0,63.4313685,0,0,0,35821,32692,3511.7932856999996,5213,22855,1722.1164204,31329,22150,378.3848923,0,0,0,0,0,0,0,0,0,0,0,0,0,0,0,3673
08/21/2022 00:50:20,31332,22164,31290,16729,35208,17820,166.2307248,309.19047059999997,140.0045265,653.4585807,152.9624163,54,335,90,408,7047,0,63.5495321,0,0,0,35821,32692,3452.2444817,5213,22855,1724.3176383999999,31329,22150,384.59716629999997,0,0,0,0,0,0,0,0,0,0,0,0,0,0,0,3673
08/28/2022 00:50:53,31332,22164,31290,16729,35203,17821,170.9219741,317.5653225,145.5988405,657.5673368,159.26760339999998,54,335,90,408,7047,0,63.779817099999995,0,0,0,35821,32692,3607.7728597,5213,22855,1829.6577215999998,31329,22150,384.4566881,0,0,0,0,0,0,0,0,0,0,0,0,0,0,0,3673
11/06/2022 00:51:24,31332,22164,31290,16729,35208,17820,172.64877189999999,326.0977125,150.4202388,670.33621199999993,158.3036385,54,335,90,408,7046,0,63.9888674,0,0,0,35821,32692,3534.0704969,5213,22855,1499.8411526,31328,22140,392.78244739999997,0,0,0,0,0,0,0,0,0,0,0,0,0,0,0,3673
07/09/2023 01:38:35,31126,11312,31176,11530,34967,12990,236.0301374,3107.922037,204.6412832,550.035139,217.1728532,0,0,0,0,0,0,0,0,0,0,35533,13010,3816.2256940999996,5206,3927,1742.8009084,31123,11303,1198.4394383,0,0,0,0,0,0,0,0,0,0,0,0,0,0,0,3673
07/16/2023 01:40:13,31126,11312,31176,11530,34967,12990,238.73476739999998,3180.8027589,203.68183059999998,540.8941411,217.1694059,0,0,0,0,0,0,0,0,0,0,35533,13010,3840.3335500999997,5206,3927,1745.7905392,31123,11308,1215.7912366,0,0,0,0,0,0,0,0,0,0,0,0,0,0,0,3673
07/23/2023 01:40:11,31126,11312,31177,11581,34967,12991,245.4633408,3175.9357654,208.8250813,553.1347317,220.9321722,0,0,0,0,0,0,0,0,0,0,35533,13010,3874.7497243999996,5206,3927,1772.0024454,31123,11307,1277.0621392,0,0,0,0,0,0,0,0,0,0,0,0,0,0,0,3673
07/30/2023 01:41:14,31126,11312,31177,11581,34967,12991,247.66309389999998,3218.6297375,208.35977369999998,557.86453199999994,219.92811189999998,0,0,0,0,0,0,0,0,0,0,35533,13010,3905.4459305,5206,3927,1788.77534,31126,11316,1247.2136968,0,0,0,0,0,0,0,0,0,0,0,0,0,0,0,3673
08/06/2023 01:41:16,31126,11312,31177,11581,34967,12991,246.66547699999998,3217.4772755999998,206.53292069999998,557.0813014,220.2828566,0,0,0,0,0,0,0,0,0,0,35533,13010,3905.9838078,5206,3927,1795.3743071,31124,11326,1235.6649926999999,0,0,0,0,0,0,0,0,0,0,0,0,0,0,0,3673
08/13/2023 01:48:31,31126,11312,31177,11581,34967,12991,278.4846118,3422.9632260999997,253.01474399999998,695.16133589999993,242.88263519999998,0,0,0,0,0,0,0,0,0,0,35533,13010,4008.5369772999998,5206,3927,1957.7131579,31124,11308,1362.4527428,0,0,0,0,0,0,0,0,0,0,0,0,0,0,0,3673
08/20/2023 01:39:19,31126,11312,31177,11581,34967,12991,239.67668089999998,3131.337835,207.16188029999998,557.7415278,221.0008811,0,0,0,0,0,0,0,0,0,0,35533,13010,3886.6576182999997,5206,3927,1816.9351697,31122,11311,1209.0010753,0,0,0,0,0,0,0,0,0,0,0,0,0,0,0,3673
08/27/2023 01:38:06,31126,11312,31177,11581,34967,12991,236.5412839,3085.6764272,203.40350659999999,542.8548611,216.7173603,0,0,0,0,0,0,0,0,0,0,35533,13010,3811.0886868999996,5206,3927,1767.234522,31124,11308,1196.4131439999999,0,0,0,0,0,0,0,0,0,0,0,0,0,0,0,3673
09/03/2023 01:39:23,31126,11312,31177,11581,34967,12991,247.48199639999999,3131.2403845999997,207.5357239,544.84314239999992,221.0003721,0,0,0,0,0,0,0,0,0,0,35533,13010,3889.7983289,5206,3927,1833.4596537,31123,11295,1226.6375374,0,0,0,0,0,0,0,0,0,0,0,0,0,0,0,3673
09/10/2023 00:49:18,31126,11312,31177,11581,34967,12991,210.3019971,217.96608369999998,177.0662963,553.09810929999992,185.5768111,0,0,0,0,0,0,0,0,0,0,35533,13012,3832.6109196999996,5214,3927,1700.4423107999999,31123,11298,1195.4493349,0,0,0,0,0,0,0,0,0,0,0,0,0,0,0,3673
09/17/2023 00:49:02,31126,11312,31177,11581,34965,12991,204.2731007,214.8141546,171.96064819999998,560.3177899,188.07859159999998,0,0,0,0,0,0,0,0,0,0,35533,13012,3758.8348094999997,5214,3927,1720.643556,31123,11307,1148.8735357,0,0,0,0,0,0,0,0,0,0,0,0,0,0,0,3673
09/24/2023 00:49:04,31126,11312,31177,11581,34967,12991,207.3424728,214.8874141,172.5516409,563.2676328,188.6179372,0,0,0,0,0,0,0,0,0,0,35533,13012,3789.7176772999997,5214,3927,1727.4153889,31122,11306,1179.1854537,0,0,0,0,0,0,0,0,0,0,0,0,0,0,0,3673
10/01/2023 00:49:33,31126,11312,31177,11581,34967,12991,203.5723965,215.58695939999998,172.2022825,558.54458349999993,187.7928588,0,0,0,0,0,0,0,0,0,0,35533,13012,3803.6396492999997,5214,3927,1714.9477502,31122,11306,1149.2305787999999,0,0,0,0,0,0,0,0,0,0,0,0,0,0,0,3673
10/08/2023 00:49:35,31126,11312,31177,11581,34967,12991,203.5072016,216.362324,173.6120456,557.0666493,186.3011845,0,0,0,0,0,0,0,0,0,0,35533,13012,3733.2573669999997,5214,3927,1676.2271746,0,0,0,0,0,0,0,0,0,0,0,0,0,0,0,0,0,0,3673
11/05/2023 00:48:41,31126,11312,31177,11581,34967,12991,204.7884449,216.5896728,172.4169503,547.99894039999992,186.3217937,0,0,0,0,0,0,0,0,0,0,35533,13012,3804.2507705999997,5214,3927,1716.70902,31123,11308,1145.1911301999999,0,0,0,0,0,0,0,0,0,0,0,0,0,0,0,3673
11/12/2023 00:49:28,31126,11312,31177,11581,34967,12991,204.92489809999998,222.95431169999998,174.487206,550.85217419999992,184.19637,0,0,0,0,0,0,0,0,0,0,35533,13012,3833.9259534999997,5214,3927,1787.3881749999998,31124,11308,1167.8938444,0,0,0,0,0,0,0,0,0,0,0,0,0,0,0,3673
11/19/2023 00:49:23,31126,11312,31177,11581,34967,12991,203.5648832,215.5573011,171.3143294,549.5058104,184.7374808,0,0,0,0,0,0,0,0,0,0,35533,13012,3784.7834282999997,5214,3927,1702.8926830999999,31123,11308,1163.3626680999998,0,0,0,0,0,0,0,0,0,0,0,0,0,0,0,3673
11/26/2023 00:27:08,0,0,0,0,0,0,0,0,0,0,0,0,0,0,0,0,0,0,0,0,0,0,0,0,0,0,0,0,0,0,0,0,0,0,0,0,0,0,0,0,0,0,0,0,0,0
12/03/2023 00:49:18,31126,11312,31177,11581,34967,12991,204.80734529999998,218.21304419999998,174.190701,560.5824232,186.7946418,0,0,0,0,0,0,0,0,0,0,35533,13012,3546.6079628999996,5214,3927,1600.3927311,31124,11308,530.5956476,0,0,0,0,0,0,0,0,0,0,0,0,0,0,0,3673
12/10/2023 00:49:04,31126,11312,31177,11581,34967,12991,204.28107599999998,218.4579626,175.54721949999998,555.0492689,189.3203716,0,0,0,0,0,0,0,0,0,0,35533,13012,3533.1781277,5214,3927,1603.0915246,31124,11308,531.654439,0,0,0,0,0,0,0,0,0,0,0,0,0,0,0,3673
12/17/2023 00:48:58,31126,11312,31177,11581,34967,12981,204.43277419999998,216.20805489999998,172.1751578,549.2237475,184.3237998,0,0,0,0,0,0,0,0,0,0,35533,13012,3573.8622004999997,5214,3927,1579.3643708,31124,11308,531.3771908,0,0,0,0,0,0,0,0,0,0,0,0,0,0,0,3673
12/24/2023 00:50:03,31126,11312,31177,11581,34967,12981,206.1418098,227.5861464,180.33034329999998,560.2230122,228.3591424,0,0,0,0,0,0,0,0,0,0,35533,13012,3490.2077052,5214,3927,1555.9798099,31124,11308,521.0997648,0,0,0,0,0,0,0,0,0,0,0,0,0,0,0,3673
12/31/2023 00:48:38,31126,11312,31177,11581,34967,12981,202.28010899999998,210.1926665,170.6537794,541.7169917,182.86190249999999,0,0,0,0,0,0,0,0,0,0,35533,13012,3466.2551914,5214,3927,1563.0711179,31124,11308,513.4607847,0,0,0,0,0,0,0,0,0,0,0,0,0,0,0,3673
01/07/2024 00:48:46,31126,11312,31177,11581,34967,12981,201.81203109999998,215.4658495,170.9358149,543.8331784,183.16993839999998,0,0,0,0,0,0,0,0,0,0,35533,13012,3515.4916125,5214,3927,1609.3810824999998,31124,11308,521.1174391,0,0,0,0,0,0,0,0,0,0,0,0,0,0,0,3673
01/14/2024 00:49:39,31331,11384,31269,11561,36572,13557,207.09299109999998,212.9709403,172.4611766,572.2465584,221.3281236,0,0,0,0,0,0,0,0,0,0,35810,13081,3542.0550848,5203,3920,1695.7496727999999,31330,11386,527.07049,0,0,0,0,0,0,0,0,0,0,0,0,0,0,0,3641
01/21/2024 00:50:07,31331,11384,31269,11561,36576,13566,206.64632319999998,216.9522836,173.2668933,585.63282259999994,225.5425769,0,0,0,0,0,0,0,0,0,0,35810,13081,3487.8592986999997,5203,3920,1595.0633894,31330,11386,542.7174149,0,0,0,0,0,0,0,0,0,0,0,0,0,0,0,3641
01/28/2024 00:50:07,31331,11384,31269,11561,36572,13557,208.1812621,217.2994424,175.4170954,578.0877323,224.74380359999998,0,0,0,0,0,0,0,0,0,0,35810,13081,3543.1023605,5203,3920,1600.2991052,31330,11386,530.8818077,0,0,0,0,0,0,0,0,0,0,0,0,0,0,0,3641
02/04/2024 00:49:56,31331,11384,31269,11561,36572,13557,205.69332229999998,212.9976452,172.7768939,578.98960479999994,220.2442414,0,0,0,0,0,0,0,0,0,0,35810,13081,3523.6629202,5203,3920,1612.9429827,31330,11386,528.6669468,0,0,0,0,0,0,0,0,0,0,0,0,0,0,0,3641
02/11/2024 00:50:41,31331,11384,31269,11561,36572,13557,206.2794856,218.1056377,173.917501,578.7177588,223.19493549999999,0,0,0,0,0,0,0,0,0,0,35810,13081,3529.8054133,5203,3920,1609.9849814,31330,11386,535.5461375,0,0,0,0,0,0,0,0,0,0,0,0,0,0,0,3641
03/03/2024 00:50:25,31331,11384,31268,11562,36573,13569,208.3513214,219.55740219999998,177.3572414,580.16428409999992,231.7710955,0,0,0,0,0,0,0,0,0,0,35810,13081,4192.8056693,5203,3920,1880.3180734999999,31330,11382,1344.5381578,0,0,0,0,0,0,0,0,0,0,0,0,0,0,0,3641
03/10/2024 00:51:11,31333,11385,31267,11561,36572,13551,214.5403098,221.69038229999998,179.7995489,576.76963019999994,248.4336721,0,0,0,0,0,0,0,0,0,0,35798,13083,4223.6836484999994,5202,3919,1903.5024692,31330,11382,1347.6582951,0,0,0,0,0,0,0,0,0,0,0,0,0,0,0,3647
03/17/2024 00:50:46,31333,11385,31267,11565,36569,13558,217.3621906,223.29003519999998,185.9166692,569.9931977,248.5077045,0,0,0,0,0,0,0,0,0,0,35798,13083,4192.0474624,5202,3919,1867.3377707,31329,11381,1312.6512415,0,0,0,0,0,0,0,0,0,0,0,0,0,0,0,3647
03/24/2024 00:51:31,31333,11385,31267,11565,36569,13558,218.2239095,224.11124619999998,225.547926,572.3287154,248.54537109999998,0,0,0,0,0,0,0,0,0,0,35798,13083,4207.0030172,5202,3919,1881.0723428,31330,11379,1331.3638091,0,0,0,0,0,0,0,0,0,0,0,0,0,0,0,3647
03/31/2024 00:53:22,31333,11385,31267,11565,36569,13558,241.4488999,254.05672859999999,203.32837419999998,606.9450257,283.9411153,0,0,0,0,0,0,0,0,0,0,35798,13083,4530.2755888,5202,3919,2088.2251524999997,31329,11380,1563.5718918999999,0,0,0,0,0,0,0,0,0,0,0,0,0,0,0,3647
04/07/2024 00:51:44,31333,11385,31267,11565,36569,13558,216.92994109999998,223.0626049,227.5287233,577.0672853,249.6928347,0,0,0,0,0,0,0,0,0,0,35798,13083,4218.7582299999995,5202,3919,1891.4272594,31329,11383,1322.3530468,0,0,0,0,0,0,0,0,0,0,0,0,0,0,0,3647
04/14/2024 00:51:13,31330,11383,31264,11562,36571,13571,216.2345854,221.3108551,193.3832578,580.92442299999993,240.9397492,0,0,0,0,0,0,0,0,0,0,35799,13114,4210.5848663,5202,3919,1874.7956714,31330,11386,1330.2021203,0,0,0,0,0,0,0,0,0,0,0,0,0,0,0,3640
04/21/2024 00:51:33,31330,11383,31264,11562,36571,13571,217.8814922,228.4570704,194.960749,590.8322555,246.1293706,0,0,0,0,0,0,0,0,0,0,35799,13114,4217.1410037999995,5202,3919,1896.9838152999998,31331,11381,1335.2771702,0,0,0,0,0,0,0,0,0,0,0,0,0,0,0,3640
04/28/2024 00:53:31,31330,11383,31264,11562,36571,13571,241.3672863,251.61013599999998,201.9695734,644.5328757,274.22048459999996,0,0,0,0,0,0,0,0,0,0,35799,13114,4751.6604195,5202,3919,2100.6592692,31330,11380,1562.5259572,0,0,0,0,0,0,0,0,0,0,0,0,0,0,0,3640
05/05/2024 00:51:14,31330,11383,31264,11562,36571,13571,222.86643529999998,222.17270309999998,184.1258412,579.6401962,249.1153215,0,0,0,0,0,0,0,0,0,0,35799,13114,4134.6818247,5202,3919,1886.0641283,31327,11380,1327.9274238,0,0,0,0,0,0,0,0,0,0,0,0,0,0,0,3640
05/12/2024 00:50:52,31330,11383,31264,11562,36571,13571,216.82124109999998,222.48623529999998,181.87174589999998,573.3025796,244.3304734,0,0,0,0,0,0,0,0,0,0,35799,13114,4210.0186269,5202,3919,1880.3960900999998,31331,11383,1325.9770741999998,0,0,0,0,0,0,0,0,0,0,0,0,0,0,0,3640
05/19/2024 00:50:35,31330,11383,31264,11562,36571,13571,215.9341671,221.91596199999998,181.290535,571.9040011,246.76338479999998,0,0,0,0,0,0,0,0,0,0,35799,13114,4207.3679892,5202,3919,1880.0194745,31327,11379,1328.8099803,0,0,0,0,0,0,0,0,0,0,0,0,0,0,0,3640
05/26/2024 00:51:17,31330,11383,31266,11559,36573,13566,217.0070973,220.1059047,185.1640309,584.0233313,248.200908,0,0,0,0,0,0,0,0,0,0,35799,13114,4204.305222,5202,3919,1874.1104738,31330,11378,1323.9976021999998,0,0,0,0,0,0,0,0,0,0,0,0,0,0,0,3640
06/02/2024 00:50:41,31330,11383,31264,11562,36571,13571,216.2586288,220.92891219999998,181.85556549999998,574.703745,243.5836848,0,556,231,910,1549,0,22.2678054,1416,0,649.92832839999994,35799,13114,4076.8515371,5202,3919,1877.9851365,31330,11379,923.5593401,7554,2211,7783,1867,7783,1867,8095,1587,919.7159256,1497.4100723,923.79314649999992,0,923.8039617,822.5332946,1093.422228,3640
06/09/2024 00:50:45,31330,11383,31267,11562,36574,13571,218.35749299999998,220.17441689999998,184.792543,562.0545983,245.8023557,0,556,231,910,1549,0,21.9571073,1416,0,648.191703,35799,13114,4211.1605935,5202,3919,1877.6781452,31331,11383,918.3053157999999,7554,2210,7783,1866,13861,2857,14148,2356,935.8928913,1493.1302570999999,966.0377887,501.9713036,1106.2831437,916.48999259999994,1437.2843547,3640
06/16/2024 00:50:33,31330,11383,31264,11562,36571,13571,214.2018837,220.6742597,181.8350026,574.2846096,245.6080964,0,556,231,910,1549,0,22.1978162,1416,0,641.7744556,35799,13114,4172.9355261,5202,3919,1877.1761706999998,31329,11375,907.4217374,7554,2211,7783,1867,13861,2856,14148,2402,928.7216631,1513.9573203,940.0922237,477.9747852,1118.4654633,943.1709197,1468.5064831,3640
06/23/2024 00:50:03,31320,11387,31254,11551,36553,13595,196.0650436,221.5515499,155.8645915,621.97020079999993,206.3047602,0,556,231,910,1549,0,17.4267449,1416,0,653.1733805,35717,13092,4085.0421124,5127,3919,1760.6792836,31316,11372,771.280449,7554,2216,7783,1866,13861,2844,14148,2346,878.63572,1490.5385253,919.64593889999992,468.7985516,1095.5466864,903.8322566999999,1400.0361205,3643
06/30/2024 00:51:11,31320,11387,31254,11551,36553,13595,197.6821353,221.8712516,155.8152144,616.05016779999994,205.6859077,0,556,231,910,1549,0,17.3027505,1416,0,639.8688439,35717,13092,4135.835082,5127,3919,1764.3185012,31317,11375,771.3564389,7554,2216,7783,1866,13861,2843,14148,2344,879.9472619,1503.6141155,884.649582,484.915016,1088.7987200999999,915.470012,1444.1553998,3643
07/07/2024 00:50:46,31320,11387,31254,11551,36553,13595,190.02809789999998,220.0080782,155.1721234,624.4691171,204.31108419999998,0,556,231,910,1549,0,17.36307,1416,0,657.5428167,35717,13092,4265.1910769,5127,3919,1689.3554388999999,31316,11375,766.65946439999993,7554,2214,7783,1866,13861,2845,14148,2345,846.6926396,1492.6011167,860.7982905,483.4358689,1056.5794421,922.2657221,1341.6801854999999,3643
07/14/2024 00:49:52,31320,11387,31254,11551,36553,13595,189.1704509,221.0514183,152.35890569999998,615.2325595,205.26504839999998,0,556,231,910,1549,0,17.5104601,1416,0,650.1781154,35717,13092,4201.0848562,5127,3919,1755.6349125,31318,11372,760.06833399999994,7554,2214,7783,1865,13861,2843,14148,2347,853.97511579999991,1491.8357182999998,870.3848916,477.0654927,1037.7982305,964.1259951,1368.4906995,3643
07/21/2024 00:49:52,31320,11387,31254,11551,36553,13595,191.435406,221.3010942,151.9683929,617.8721075,205.6027294,0,556,231,910,1549,0,18.046123899999998,1416,0,653.3943563,35717,13092,4116.1350888,5127,3919,1760.3348816999999,31317,11372,770.8248762,7554,2214,7783,1869,13861,2845,14148,2345,866.89070659999993,1503.563878,855.6555115,501.888647,1066.9023014,913.1408021,1354.4610917,3643
07/30/2024 00:50:28,31320,11387,31254,11551,36553,13595,198.6180345,218.1908561,150.51071149999999,621.2772149,203.86276569999998,0,556,231,910,1549,0,17.9994387,1416,0,681.7192923,35717,13092,3900.7233905,5127,3919,1761.4233628,31318,11374,762.2783111,7554,2173,7783,1860,13861,2840,14148,2338,924.4258258,1524.2738737,869.0369402,489.6959943,1146.6154487,945.3014277,1392.2503288,3643
07/31/2024 00:50:34,31320,11387,31254,11551,36553,13595,193.7041371,222.8142859,152.6780488,621.29291219999993,207.58486259999998,0,556,231,910,1549,0,17.5757273,1416,0,647.9598016,35717,13092,4134.6010842,5127,3919,1666.6576424,31315,11375,406.77503029999997,7554,2173,7783,1864,13861,2839,14148,2336,869.8048261,1508.5772634999998,898.0806076,477.6490088,1038.5202917,906.86673969999993,1356.309348,3643
08/01/2024 00:49:58,31320,11387,31254,11551,36553,13595,194.8990557,219.8983154,151.2714476,622.5142109,207.42667369999998,0,556,231,910,1549,0,17.632379399999998,1416,0,663.31226589999994,35717,13092,3907.3362969,5127,3919,1760.8606823,31317,11373,762.73562559999993,7554,2173,7783,1864,13861,2839,14148,2338,857.63795369999991,1491.2955987,854.91809619999992,474.7691307,1036.9717578,929.2559405,1345.989697,3643